日期,合约编码,交易代码,合约简称,Delta,Theta,Gamma,Vega,Rho,date,跟踪ETF,ETF代码,多空类型
2015-02-09,10000001,510050C1503M02200,50ETF购3月2200,0.741,-0.393,1.308,0.264,0.189,20150209,50ETF,510050,购
2015-02-09,10000002,510050C1503M02250,50ETF购3月2250,0.672,-0.412,1.512,0.294,0.174,20150209,50ETF,510050,购
2015-02-09,10000003,510050C1503M02300,50ETF购3月2300,0.588,-0.459,1.521,0.317,0.152,20150209,50ETF,510050,购
2015-02-09,10000004,510050C1503M02350,50ETF购3月2350,0.51,-0.447,1.621,0.325,0.134,20150209,50ETF,510050,购
2015-02-09,10000005,510050C1503M02400,50ETF购3月2400,0.432,-0.44,1.576,0.32,0.114,20150209,50ETF,510050,购
2015-02-09,10000011,510050C1504M02200,50ETF购4月2200,0.711,-0.329,1.085,0.356,0.29,20150209,50ETF,510050,购
2015-02-09,10000012,510050C1504M02250,50ETF购4月2250,0.652,-0.348,1.17,0.385,0.268,20150209,50ETF,510050,购
2015-02-09,10000013,510050C1504M02300,50ETF购4月2300,0.591,-0.349,1.267,0.405,0.246,20150209,50ETF,510050,购
2015-02-09,10000014,510050C1504M02350,50ETF购4月2350,0.528,-0.362,1.252,0.415,0.221,20150209,50ETF,510050,购
2015-02-09,10000015,510050C1504M02400,50ETF购4月2400,0.464,-0.348,1.283,0.414,0.196,20150209,50ETF,510050,购
2015-02-09,10000021,510050C1506M02200,50ETF购6月2200,0.683,-0.269,0.792,0.508,0.497,20150209,50ETF,510050,购
2015-02-09,10000022,510050C1506M02250,50ETF购6月2250,0.641,-0.276,0.834,0.533,0.471,20150209,50ETF,510050,购
2015-02-09,10000023,510050C1506M02300,50ETF购6月2300,0.598,-0.281,0.861,0.552,0.443,20150209,50ETF,510050,购
2015-02-09,10000024,510050C1506M02350,50ETF购6月2350,0.554,-0.285,0.874,0.564,0.414,20150209,50ETF,510050,购
2015-02-09,10000025,510050C1506M02400,50ETF购6月2400,0.511,-0.284,0.879,0.569,0.384,20150209,50ETF,510050,购
2015-02-09,10000031,510050C1509M02200,50ETF购9月2200,0.683,-0.207,0.656,0.657,0.803,20150209,50ETF,510050,购
2015-02-09,10000032,510050C1509M02250,50ETF购9月2250,0.65,-0.207,0.704,0.684,0.775,20150209,50ETF,510050,购
2015-02-09,10000033,510050C1509M02300,50ETF购9月2300,0.613,-0.214,0.705,0.707,0.733,20150209,50ETF,510050,购
2015-02-09,10000034,510050C1509M02350,50ETF购9月2350,0.577,-0.215,0.723,0.723,0.697,20150209,50ETF,510050,购
2015-02-09,10000035,510050C1509M02400,50ETF购9月2400,0.541,-0.216,0.728,0.733,0.658,20150209,50ETF,510050,购
2015-02-09,10000006,510050P1503M02200,50ETF沽3月2200,-0.295,-0.408,1.109,0.281,-0.092,20150209,50ETF,510050,沽
2015-02-09,10000007,510050P1503M02250,50ETF沽3月2250,-0.354,-0.426,1.22,0.303,-0.11,20150209,50ETF,510050,沽
2015-02-09,10000008,510050P1503M02300,50ETF沽3月2300,-0.417,-0.432,1.309,0.318,-0.131,20150209,50ETF,510050,沽
2015-02-09,10000009,510050P1503M02350,50ETF沽3月2350,-0.483,-0.447,1.301,0.325,-0.153,20150209,50ETF,510050,沽
2015-02-09,10000010,510050P1503M02400,50ETF沽3月2400,-0.546,-0.44,1.286,0.323,-0.175,20150209,50ETF,510050,沽
2015-02-09,10000016,510050P1504M02200,50ETF沽4月2200,-0.317,-0.316,0.904,0.371,-0.166,20150209,50ETF,510050,沽
2015-02-09,10000017,510050P1504M02250,50ETF沽4月2250,-0.367,-0.338,0.936,0.393,-0.194,20150209,50ETF,510050,沽
2015-02-09,10000018,510050P1504M02300,50ETF沽4月2300,-0.416,-0.343,0.977,0.407,-0.221,20150209,50ETF,510050,沽
2015-02-09,10000019,510050P1504M02350,50ETF沽4月2350,-0.465,-0.353,0.975,0.414,-0.249,20150209,50ETF,510050,沽
2015-02-09,10000020,510050P1504M02400,50ETF沽4月2400,-0.512,-0.353,0.968,0.416,-0.277,20150209,50ETF,510050,沽
2015-02-09,10000026,510050P1506M02200,50ETF沽6月2200,-0.334,-0.229,0.66,0.519,-0.344,20150209,50ETF,510050,沽
2015-02-09,10000027,510050P1506M02250,50ETF沽6月2250,-0.37,-0.239,0.675,0.539,-0.385,20150209,50ETF,510050,沽
2015-02-09,10000028,510050P1506M02300,50ETF沽6月2300,-0.405,-0.243,0.689,0.553,-0.425,20150209,50ETF,510050,沽
2015-02-09,10000029,510050P1506M02350,50ETF沽6月2350,-0.441,-0.234,0.727,0.563,-0.463,20150209,50ETF,510050,沽
2015-02-09,10000030,510050P1506M02400,50ETF沽6月2400,-0.477,-0.233,0.732,0.568,-0.504,20150209,50ETF,510050,沽
2015-02-09,10000036,510050P1509M02200,50ETF沽9月2200,-0.333,-0.161,0.524,0.671,-0.601,20150209,50ETF,510050,沽
2015-02-09,10000037,510050P1509M02250,50ETF沽9月2250,-0.362,-0.17,0.522,0.692,-0.663,20150209,50ETF,510050,沽
2015-02-09,10000038,510050P1509M02300,50ETF沽9月2300,-0.389,-0.172,0.534,0.708,-0.718,20150209,50ETF,510050,沽
2015-02-09,10000039,510050P1509M02350,50ETF沽9月2350,-0.416,-0.167,0.554,0.721,-0.771,20150209,50ETF,510050,沽
2015-02-09,10000040,510050P1509M02400,50ETF沽9月2400,-0.441,-0.175,0.54,0.729,-0.831,20150209,50ETF,510050,沽
2015-02-10,10000001,510050C1503M02200,50ETF购3月2200,0.8,-0.348,1.184,0.229,0.202,20150210,50ETF,510050,购
2015-02-10,10000002,510050C1503M02250,50ETF购3月2250,0.735,-0.382,1.418,0.268,0.188,20150210,50ETF,510050,购
2015-02-10,10000003,510050C1503M02300,50ETF购3月2300,0.655,-0.42,1.573,0.302,0.169,20150210,50ETF,510050,购
2015-02-10,10000004,510050C1503M02350,50ETF购3月2350,0.572,-0.437,1.676,0.321,0.149,20150210,50ETF,510050,购
2015-02-10,10000005,510050C1503M02400,50ETF购3月2400,0.488,-0.442,1.674,0.326,0.128,20150210,50ETF,510050,购
2015-02-10,10000041,510050C1503M02450,50ETF购3月2450,0.408,-0.428,1.619,0.318,0.108,20150210,50ETF,510050,购
2015-02-10,10000011,510050C1504M02200,50ETF购4月2200,0.769,-0.29,1.053,0.32,0.314,20150210,50ETF,510050,购
2015-02-10,10000012,510050C1504M02250,50ETF购4月2250,0.71,-0.311,1.192,0.36,0.294,20150210,50ETF,510050,购
2015-02-10,10000013,510050C1504M02300,50ETF购4月2300,0.645,-0.33,1.287,0.392,0.269,20150210,50ETF,510050,购
2015-02-10,10000014,510050C1504M02350,50ETF购4月2350,0.577,-0.343,1.334,0.412,0.243,20150210,50ETF,510050,购
2015-02-10,10000015,510050C1504M02400,50ETF购4月2400,0.51,-0.347,1.34,0.42,0.216,20150210,50ETF,510050,购
2015-02-10,10000043,510050C1504M02450,50ETF购4月2450,0.446,-0.343,1.309,0.416,0.19,20150210,50ETF,510050,购
2015-02-10,10000021,510050C1506M02200,50ETF购6月2200,0.729,-0.241,0.819,0.479,0.54,20150210,50ETF,510050,购
2015-02-10,10000022,510050C1506M02250,50ETF购6月2250,0.683,-0.252,0.874,0.515,0.511,20150210,50ETF,510050,购
2015-02-10,10000023,510050C1506M02300,50ETF购6月2300,0.635,-0.262,0.912,0.543,0.479,20150210,50ETF,510050,购
2015-02-10,10000024,510050C1506M02350,50ETF购6月2350,0.588,-0.266,0.942,0.563,0.447,20150210,50ETF,510050,购
2015-02-10,10000025,510050C1506M02400,50ETF购6月2400,0.541,-0.271,0.944,0.574,0.414,20150210,50ETF,510050,购
2015-02-10,10000045,510050C1506M02450,50ETF购6月2450,0.495,-0.268,0.948,0.577,0.381,20150210,50ETF,510050,购
2015-02-10,10000031,510050C1509M02200,50ETF购9月2200,0.712,-0.202,0.642,0.639,0.845,20150210,50ETF,510050,购
2015-02-10,10000032,510050C1509M02250,50ETF购9月2250,0.676,-0.208,0.671,0.673,0.81,20150210,50ETF,510050,购
2015-02-10,10000033,510050C1509M02300,50ETF购9月2300,0.64,-0.213,0.696,0.701,0.774,20150210,50ETF,510050,购
2015-02-10,10000034,510050C1509M02350,50ETF购9月2350,0.604,-0.218,0.705,0.722,0.734,20150210,50ETF,510050,购
2015-02-10,10000035,510050C1509M02400,50ETF购9月2400,0.568,-0.217,0.726,0.736,0.698,20150210,50ETF,510050,购
2015-02-10,10000047,510050C1509M02450,50ETF购9月2450,0.533,-0.218,0.727,0.745,0.658,20150210,50ETF,510050,购
2015-02-10,10000006,510050P1503M02200,50ETF沽3月2200,-0.243,-0.36,1.062,0.256,-0.074,20150210,50ETF,510050,沽
2015-02-10,10000007,510050P1503M02250,50ETF沽3月2250,-0.299,-0.384,1.211,0.284,-0.091,20150210,50ETF,510050,沽
2015-02-10,10000008,510050P1503M02300,50ETF沽3月2300,-0.363,-0.405,1.329,0.307,-0.112,20150210,50ETF,510050,沽
2015-02-10,10000009,510050P1503M02350,50ETF沽3月2350,-0.433,-0.419,1.388,0.322,-0.134,20150210,50ETF,510050,沽
2015-02-10,10000010,510050P1503M02400,50ETF沽3月2400,-0.503,-0.418,1.408,0.327,-0.157,20150210,50ETF,510050,沽
2015-02-10,10000042,510050P1503M02450,50ETF沽3月2450,-0.569,-0.413,1.36,0.322,-0.179,20150210,50ETF,510050,沽
2015-02-10,10000016,510050P1504M02200,50ETF沽4月2200,-0.27,-0.275,0.911,0.348,-0.139,20150210,50ETF,510050,沽
2015-02-10,10000017,510050P1504M02250,50ETF沽4月2250,-0.32,-0.292,0.991,0.376,-0.165,20150210,50ETF,510050,沽
2015-02-10,10000018,510050P1504M02300,50ETF沽4月2300,-0.373,-0.307,1.043,0.398,-0.195,20150210,50ETF,510050,沽
2015-02-10,10000019,510050P1504M02350,50ETF沽4月2350,-0.427,-0.314,1.081,0.413,-0.224,20150210,50ETF,510050,沽
2015-02-10,10000020,510050P1504M02400,50ETF沽4月2400,-0.481,-0.318,1.082,0.419,-0.255,20150210,50ETF,510050,沽
2015-02-10,10000044,510050P1504M02450,50ETF沽4月2450,-0.533,-0.316,1.065,0.418,-0.285,20150210,50ETF,510050,沽
2015-02-10,10000026,510050P1506M02200,50ETF沽6月2200,-0.299,-0.202,0.687,0.502,-0.304,20150210,50ETF,510050,沽
2015-02-10,10000027,510050P1506M02250,50ETF沽6月2250,-0.336,-0.208,0.726,0.527,-0.344,20150210,50ETF,510050,沽
2015-02-10,10000028,510050P1506M02300,50ETF沽6月2300,-0.375,-0.215,0.748,0.548,-0.387,20150210,50ETF,510050,沽
2015-02-10,10000029,510050P1506M02350,50ETF沽6月2350,-0.414,-0.218,0.766,0.563,-0.43,20150210,50ETF,510050,沽
2015-02-10,10000030,510050P1506M02400,50ETF沽6月2400,-0.452,-0.219,0.774,0.572,-0.473,20150210,50ETF,510050,沽
2015-02-10,10000046,510050P1506M02450,50ETF沽6月2450,-0.49,-0.218,0.773,0.576,-0.517,20150210,50ETF,510050,沽
2015-02-10,10000036,510050P1509M02200,50ETF沽9月2200,-0.31,-0.15,0.53,0.66,-0.555,20150210,50ETF,510050,沽
2015-02-10,10000037,510050P1509M02250,50ETF沽9月2250,-0.339,-0.154,0.549,0.685,-0.611,20150210,50ETF,510050,沽
2015-02-10,10000038,510050P1509M02300,50ETF沽9月2300,-0.367,-0.155,0.57,0.705,-0.667,20150210,50ETF,510050,沽
2015-02-10,10000039,510050P1509M02350,50ETF沽9月2350,-0.397,-0.157,0.578,0.722,-0.727,20150210,50ETF,510050,沽
2015-02-10,10000040,510050P1509M02400,50ETF沽9月2400,-0.426,-0.157,0.586,0.734,-0.786,20150210,50ETF,510050,沽
2015-02-10,10000048,510050P1509M02450,50ETF沽9月2450,-0.454,-0.157,0.589,0.742,-0.846,20150210,50ETF,510050,沽
2015-02-11,10000001,510050C1503M02200,50ETF购3月2200,0.831,-0.309,1.157,0.205,0.206,20150211,50ETF,510050,购
2015-02-11,10000002,510050C1503M02250,50ETF购3月2250,0.769,-0.344,1.447,0.248,0.194,20150211,50ETF,510050,购
2015-02-11,10000003,510050C1503M02300,50ETF购3月2300,0.684,-0.388,1.663,0.289,0.174,20150211,50ETF,510050,购
2015-02-11,10000004,510050C1503M02350,50ETF购3月2350,0.596,-0.404,1.84,0.315,0.153,20150211,50ETF,510050,购
2015-02-11,10000005,510050C1503M02400,50ETF购3月2400,0.501,-0.401,1.924,0.324,0.13,20150211,50ETF,510050,购
2015-02-11,10000041,510050C1503M02450,50ETF购3月2450,0.411,-0.392,1.833,0.316,0.107,20150211,50ETF,510050,购
2015-02-11,10000011,510050C1504M02200,50ETF购4月2200,0.806,-0.251,1.078,0.288,0.329,20150211,50ETF,510050,购
2015-02-11,10000012,510050C1504M02250,50ETF购4月2250,0.744,-0.276,1.267,0.338,0.307,20150211,50ETF,510050,购
2015-02-11,10000013,510050C1504M02300,50ETF购4月2300,0.671,-0.302,1.39,0.38,0.28,20150211,50ETF,510050,购
2015-02-11,10000014,510050C1504M02350,50ETF购4月2350,0.597,-0.314,1.482,0.406,0.251,20150211,50ETF,510050,购
2015-02-11,10000015,510050C1504M02400,50ETF购4月2400,0.522,-0.323,1.483,0.418,0.221,20150211,50ETF,510050,购
2015-02-11,10000043,510050C1504M02450,50ETF购4月2450,0.45,-0.317,1.462,0.415,0.191,20150211,50ETF,510050,购
2015-02-11,10000021,510050C1506M02200,50ETF购6月2200,0.764,-0.21,0.888,0.446,0.573,20150211,50ETF,510050,购
2015-02-11,10000022,510050C1506M02250,50ETF购6月2250,0.711,-0.224,0.968,0.494,0.539,20150211,50ETF,510050,购
2015-02-11,10000023,510050C1506M02300,50ETF购6月2300,0.656,-0.237,1.014,0.532,0.501,20150211,50ETF,510050,购
2015-02-11,10000024,510050C1506M02350,50ETF购6月2350,0.602,-0.246,1.042,0.558,0.462,20150211,50ETF,510050,购
2015-02-11,10000025,510050C1506M02400,50ETF购6月2400,0.549,-0.25,1.049,0.573,0.424,20150211,50ETF,510050,购
2015-02-11,10000045,510050C1506M02450,50ETF购6月2450,0.498,-0.249,1.049,0.577,0.387,20150211,50ETF,510050,购
2015-02-11,10000031,510050C1509M02200,50ETF购9月2200,0.733,-0.185,0.689,0.617,0.885,20150211,50ETF,510050,购
2015-02-11,10000032,510050C1509M02250,50ETF购9月2250,0.695,-0.191,0.735,0.658,0.848,20150211,50ETF,510050,购
2015-02-11,10000033,510050C1509M02300,50ETF购9月2300,0.655,-0.196,0.767,0.692,0.806,20150211,50ETF,510050,购
2015-02-11,10000034,510050C1509M02350,50ETF购9月2350,0.615,-0.199,0.792,0.718,0.763,20150211,50ETF,510050,购
2015-02-11,10000035,510050C1509M02400,50ETF购9月2400,0.575,-0.201,0.806,0.736,0.718,20150211,50ETF,510050,购
2015-02-11,10000047,510050C1509M02450,50ETF购9月2450,0.535,-0.202,0.808,0.746,0.673,20150211,50ETF,510050,购
2015-02-11,10000006,510050P1503M02200,50ETF沽3月2200,-0.208,-0.301,1.093,0.233,-0.062,20150211,50ETF,510050,沽
2015-02-11,10000007,510050P1503M02250,50ETF沽3月2250,-0.265,-0.327,1.296,0.266,-0.079,20150211,50ETF,510050,沽
2015-02-11,10000008,510050P1503M02300,50ETF沽3月2300,-0.333,-0.346,1.486,0.296,-0.099,20150211,50ETF,510050,沽
2015-02-11,10000009,510050P1503M02350,50ETF沽3月2350,-0.411,-0.357,1.617,0.316,-0.123,20150211,50ETF,510050,沽
2015-02-11,10000010,510050P1503M02400,50ETF沽3月2400,-0.494,-0.355,1.669,0.324,-0.149,20150211,50ETF,510050,沽
2015-02-11,10000042,510050P1503M02450,50ETF沽3月2450,-0.573,-0.348,1.608,0.319,-0.174,20150211,50ETF,510050,沽
2015-02-11,10000016,510050P1504M02200,50ETF沽4月2200,-0.236,-0.225,0.975,0.323,-0.118,20150211,50ETF,510050,沽
2015-02-11,10000017,510050P1504M02250,50ETF沽4月2250,-0.289,-0.243,1.096,0.359,-0.145,20150211,50ETF,510050,沽
2015-02-11,10000018,510050P1504M02300,50ETF沽4月2300,-0.348,-0.258,1.19,0.388,-0.176,20150211,50ETF,510050,沽
2015-02-11,10000019,510050P1504M02350,50ETF沽4月2350,-0.411,-0.268,1.244,0.408,-0.21,20150211,50ETF,510050,沽
2015-02-11,10000020,510050P1504M02400,50ETF沽4月2400,-0.474,-0.269,1.269,0.418,-0.244,20150211,50ETF,510050,沽
2015-02-11,10000044,510050P1504M02450,50ETF沽4月2450,-0.536,-0.262,1.262,0.417,-0.278,20150211,50ETF,510050,沽
2015-02-11,10000026,510050P1506M02200,50ETF沽6月2200,-0.277,-0.173,0.744,0.484,-0.275,20150211,50ETF,510050,沽
2015-02-11,10000027,510050P1506M02250,50ETF沽6月2250,-0.318,-0.181,0.793,0.516,-0.318,20150211,50ETF,510050,沽
2015-02-11,10000028,510050P1506M02300,50ETF沽6月2300,-0.361,-0.188,0.829,0.542,-0.363,20150211,50ETF,510050,沽
2015-02-11,10000029,510050P1506M02350,50ETF沽6月2350,-0.404,-0.19,0.858,0.56,-0.409,20150211,50ETF,510050,沽
2015-02-11,10000030,510050P1506M02400,50ETF沽6月2400,-0.447,-0.191,0.873,0.572,-0.457,20150211,50ETF,510050,沽
2015-02-11,10000046,510050P1506M02450,50ETF沽6月2450,-0.49,-0.19,0.872,0.577,-0.505,20150211,50ETF,510050,沽
2015-02-11,10000036,510050P1509M02200,50ETF沽9月2200,-0.293,-0.13,0.58,0.646,-0.512,20150211,50ETF,510050,沽
2015-02-11,10000037,510050P1509M02250,50ETF沽9月2250,-0.325,-0.133,0.607,0.676,-0.571,20150211,50ETF,510050,沽
2015-02-11,10000038,510050P1509M02300,50ETF沽9月2300,-0.357,-0.135,0.629,0.7,-0.632,20150211,50ETF,510050,沽
2015-02-11,10000039,510050P1509M02350,50ETF沽9月2350,-0.39,-0.136,0.647,0.72,-0.695,20150211,50ETF,510050,沽
2015-02-11,10000040,510050P1509M02400,50ETF沽9月2400,-0.422,-0.138,0.651,0.735,-0.76,20150211,50ETF,510050,沽
2015-02-11,10000048,510050P1509M02450,50ETF沽9月2450,-0.455,-0.133,0.67,0.744,-0.823,20150211,50ETF,510050,沽
2015-02-12,10000001,510050C1503M02200,50ETF购3月2200,0.848,-0.288,1.142,0.189,0.206,20150212,50ETF,510050,购
2015-02-12,10000002,510050C1503M02250,50ETF购3月2250,0.788,-0.322,1.471,0.233,0.195,20150212,50ETF,510050,购
2015-02-12,10000003,510050C1503M02300,50ETF购3月2300,0.702,-0.367,1.745,0.279,0.175,20150212,50ETF,510050,购
2015-02-12,10000004,510050C1503M02350,50ETF购3月2350,0.608,-0.385,1.973,0.309,0.154,20150212,50ETF,510050,购
2015-02-12,10000005,510050C1503M02400,50ETF购3月2400,0.506,-0.383,2.083,0.321,0.129,20150212,50ETF,510050,购
2015-02-12,10000041,510050C1503M02450,50ETF购3月2450,0.407,-0.37,1.993,0.312,0.104,20150212,50ETF,510050,购
2015-02-12,10000049,510050C1503M02500,50ETF购3月2500,0.315,-0.333,1.824,0.286,0.081,20150212,50ETF,510050,购
2015-02-12,10000011,510050C1504M02200,50ETF购4月2200,0.818,-0.242,1.074,0.276,0.33,20150212,50ETF,510050,购
2015-02-12,10000012,510050C1504M02250,50ETF购4月2250,0.754,-0.27,1.274,0.329,0.308,20150212,50ETF,510050,购
2015-02-12,10000013,510050C1504M02300,50ETF购4月2300,0.68,-0.296,1.421,0.373,0.281,20150212,50ETF,510050,购
2015-02-12,10000014,510050C1504M02350,50ETF购4月2350,0.604,-0.311,1.513,0.402,0.251,20150212,50ETF,510050,购
2015-02-12,10000015,510050C1504M02400,50ETF购4月2400,0.526,-0.315,1.55,0.415,0.221,20150212,50ETF,510050,购
2015-02-12,10000043,510050C1504M02450,50ETF购4月2450,0.45,-0.306,1.542,0.413,0.19,20150212,50ETF,510050,购
2015-02-12,10000051,510050C1504M02500,50ETF购4月2500,0.378,-0.291,1.474,0.397,0.16,20150212,50ETF,510050,购
2015-02-12,10000021,510050C1506M02200,50ETF购6月2200,0.765,-0.212,0.875,0.443,0.57,20150212,50ETF,510050,购
2015-02-12,10000022,510050C1506M02250,50ETF购6月2250,0.712,-0.229,0.946,0.493,0.535,20150212,50ETF,510050,购
2015-02-12,10000023,510050C1506M02300,50ETF购6月2300,0.659,-0.24,1.004,0.529,0.5,20150212,50ETF,510050,购
2015-02-12,10000024,510050C1506M02350,50ETF购6月2350,0.606,-0.247,1.041,0.555,0.463,20150212,50ETF,510050,购
2015-02-12,10000025,510050C1506M02400,50ETF购6月2400,0.553,-0.249,1.062,0.571,0.425,20150212,50ETF,510050,购
2015-02-12,10000045,510050C1506M02450,50ETF购6月2450,0.501,-0.248,1.067,0.576,0.388,20150212,50ETF,510050,购
2015-02-12,10000053,510050C1506M02500,50ETF购6月2500,0.45,-0.243,1.051,0.571,0.351,20150212,50ETF,510050,购
2015-02-12,10000031,510050C1509M02200,50ETF购9月2200,0.739,-0.183,0.696,0.61,0.892,20150212,50ETF,510050,购
2015-02-12,10000032,510050C1509M02250,50ETF购9月2250,0.699,-0.19,0.737,0.653,0.851,20150212,50ETF,510050,购
2015-02-12,10000033,510050C1509M02300,50ETF购9月2300,0.659,-0.195,0.773,0.688,0.81,20150212,50ETF,510050,购
2015-02-12,10000034,510050C1509M02350,50ETF购9月2350,0.618,-0.198,0.8,0.715,0.766,20150212,50ETF,510050,购
2015-02-12,10000035,510050C1509M02400,50ETF购9月2400,0.578,-0.201,0.812,0.734,0.721,20150212,50ETF,510050,购
2015-02-12,10000047,510050C1509M02450,50ETF购9月2450,0.537,-0.2,0.824,0.745,0.676,20150212,50ETF,510050,购
2015-02-12,10000055,510050C1509M02500,50ETF购9月2500,0.499,-0.2,0.818,0.749,0.63,20150212,50ETF,510050,购
2015-02-12,10000006,510050P1503M02200,50ETF沽3月2200,-0.176,-0.243,1.125,0.208,-0.05,20150212,50ETF,510050,沽
2015-02-12,10000007,510050P1503M02250,50ETF沽3月2250,-0.237,-0.277,1.385,0.248,-0.068,20150212,50ETF,510050,沽
2015-02-12,10000008,510050P1503M02300,50ETF沽3月2300,-0.315,-0.313,1.599,0.286,-0.091,20150212,50ETF,510050,沽
2015-02-12,10000009,510050P1503M02350,50ETF沽3月2350,-0.4,-0.33,1.759,0.311,-0.116,20150212,50ETF,510050,沽
2015-02-12,10000010,510050P1503M02400,50ETF沽3月2400,-0.49,-0.329,1.829,0.321,-0.143,20150212,50ETF,510050,沽
2015-02-12,10000042,510050P1503M02450,50ETF沽3月2450,-0.58,-0.309,1.806,0.314,-0.171,20150212,50ETF,510050,沽
2015-02-12,10000050,510050P1503M02500,50ETF沽3月2500,-0.659,-0.287,1.645,0.295,-0.196,20150212,50ETF,510050,沽
2015-02-12,10000016,510050P1504M02200,50ETF沽4月2200,-0.215,-0.197,1.011,0.305,-0.105,20150212,50ETF,510050,沽
2015-02-12,10000017,510050P1504M02250,50ETF沽4月2250,-0.272,-0.22,1.153,0.347,-0.134,20150212,50ETF,510050,沽
2015-02-12,10000018,510050P1504M02300,50ETF沽4月2300,-0.337,-0.24,1.258,0.381,-0.167,20150212,50ETF,510050,沽
2015-02-12,10000019,510050P1504M02350,50ETF沽4月2350,-0.404,-0.251,1.325,0.404,-0.202,20150212,50ETF,510050,沽
2015-02-12,10000020,510050P1504M02400,50ETF沽4月2400,-0.471,-0.251,1.366,0.415,-0.237,20150212,50ETF,510050,沽
2015-02-12,10000044,510050P1504M02450,50ETF沽4月2450,-0.538,-0.245,1.349,0.415,-0.273,20150212,50ETF,510050,沽
2015-02-12,10000052,510050P1504M02500,50ETF沽4月2500,-0.603,-0.226,1.324,0.402,-0.309,20150212,50ETF,510050,沽
2015-02-12,10000026,510050P1506M02200,50ETF沽6月2200,-0.265,-0.159,0.776,0.472,-0.259,20150212,50ETF,510050,沽
2015-02-12,10000027,510050P1506M02250,50ETF沽6月2250,-0.308,-0.168,0.832,0.508,-0.303,20150212,50ETF,510050,沽
2015-02-12,10000028,510050P1506M02300,50ETF沽6月2300,-0.354,-0.176,0.873,0.537,-0.35,20150212,50ETF,510050,沽
2015-02-12,10000029,510050P1506M02350,50ETF沽6月2350,-0.4,-0.182,0.895,0.558,-0.399,20150212,50ETF,510050,沽
2015-02-12,10000030,510050P1506M02400,50ETF沽6月2400,-0.445,-0.179,0.925,0.57,-0.448,20150212,50ETF,510050,沽
2015-02-12,10000046,510050P1506M02450,50ETF沽6月2450,-0.49,-0.18,0.915,0.576,-0.498,20150212,50ETF,510050,沽
2015-02-12,10000054,510050P1506M02500,50ETF沽6月2500,-0.532,-0.177,0.9,0.574,-0.546,20150212,50ETF,510050,沽
2015-02-12,10000036,510050P1509M02200,50ETF沽9月2200,-0.286,-0.122,0.6,0.638,-0.493,20150212,50ETF,510050,沽
2015-02-12,10000037,510050P1509M02250,50ETF沽9月2250,-0.319,-0.126,0.63,0.67,-0.554,20150212,50ETF,510050,沽
2015-02-12,10000038,510050P1509M02300,50ETF沽9月2300,-0.353,-0.129,0.653,0.697,-0.617,20150212,50ETF,510050,沽
2015-02-12,10000039,510050P1509M02350,50ETF沽9月2350,-0.387,-0.131,0.669,0.718,-0.682,20150212,50ETF,510050,沽
2015-02-12,10000040,510050P1509M02400,50ETF沽9月2400,-0.421,-0.131,0.679,0.734,-0.748,20150212,50ETF,510050,沽
2015-02-12,10000048,510050P1509M02450,50ETF沽9月2450,-0.454,-0.129,0.688,0.744,-0.814,20150212,50ETF,510050,沽
2015-02-12,10000056,510050P1509M02500,50ETF沽9月2500,-0.485,-0.131,0.675,0.748,-0.881,20150212,50ETF,510050,沽
2015-02-13,10000001,510050C1503M02200,50ETF购3月2200,0.894,-0.223,1.062,0.146,0.214,20150213,50ETF,510050,购
2015-02-13,10000002,510050C1503M02250,50ETF购3月2250,0.821,-0.282,1.485,0.208,0.199,20150213,50ETF,510050,购
2015-02-13,10000003,510050C1503M02300,50ETF购3月2300,0.739,-0.318,1.908,0.259,0.182,20150213,50ETF,510050,购
2015-02-13,10000004,510050C1503M02350,50ETF购3月2350,0.636,-0.335,2.298,0.299,0.159,20150213,50ETF,510050,购
2015-02-13,10000005,510050C1503M02400,50ETF购3月2400,0.516,-0.345,2.417,0.318,0.13,20150213,50ETF,510050,购
2015-02-13,10000041,510050C1503M02450,50ETF购3月2450,0.395,-0.317,2.393,0.307,0.1,20150213,50ETF,510050,购
2015-02-13,10000049,510050C1503M02500,50ETF购3月2500,0.294,-0.287,2.059,0.274,0.075,20150213,50ETF,510050,购
2015-02-13,10000011,510050C1504M02200,50ETF购4月2200,0.848,-0.213,1.065,0.245,0.34,20150213,50ETF,510050,购
2015-02-13,10000012,510050C1504M02250,50ETF购4月2250,0.779,-0.248,1.312,0.309,0.316,20150213,50ETF,510050,购
2015-02-13,10000013,510050C1504M02300,50ETF购4月2300,0.701,-0.275,1.505,0.361,0.287,20150213,50ETF,510050,购
2015-02-13,10000014,510050C1504M02350,50ETF购4月2350,0.619,-0.29,1.645,0.396,0.256,20150213,50ETF,510050,购
2015-02-13,10000015,510050C1504M02400,50ETF购4月2400,0.535,-0.294,1.708,0.413,0.223,20150213,50ETF,510050,购
2015-02-13,10000043,510050C1504M02450,50ETF购4月2450,0.451,-0.289,1.679,0.411,0.189,20150213,50ETF,510050,购
2015-02-13,10000051,510050C1504M02500,50ETF购4月2500,0.372,-0.271,1.604,0.393,0.157,20150213,50ETF,510050,购
2015-02-13,10000021,510050C1506M02200,50ETF购6月2200,0.805,-0.181,0.939,0.398,0.606,20150213,50ETF,510050,购
2015-02-13,10000022,510050C1506M02250,50ETF购6月2250,0.746,-0.198,1.063,0.462,0.568,20150213,50ETF,510050,购
2015-02-13,10000023,510050C1506M02300,50ETF购6月2300,0.681,-0.215,1.126,0.515,0.521,20150213,50ETF,510050,购
2015-02-13,10000024,510050C1506M02350,50ETF购6月2350,0.622,-0.219,1.215,0.548,0.481,20150213,50ETF,510050,购
2015-02-13,10000025,510050C1506M02400,50ETF购6月2400,0.559,-0.224,1.227,0.569,0.435,20150213,50ETF,510050,购
2015-02-13,10000045,510050C1506M02450,50ETF购6月2450,0.499,-0.223,1.23,0.575,0.391,20150213,50ETF,510050,购
2015-02-13,10000053,510050C1506M02500,50ETF购6月2500,0.441,-0.218,1.2,0.569,0.347,20150213,50ETF,510050,购
2015-02-13,10000031,510050C1509M02200,50ETF购9月2200,0.759,-0.169,0.738,0.585,0.926,20150213,50ETF,510050,购
2015-02-13,10000032,510050C1509M02250,50ETF购9月2250,0.718,-0.176,0.8,0.634,0.886,20150213,50ETF,510050,购
2015-02-13,10000033,510050C1509M02300,50ETF购9月2300,0.675,-0.18,0.857,0.676,0.842,20150213,50ETF,510050,购
2015-02-13,10000034,510050C1509M02350,50ETF购9月2350,0.629,-0.184,0.887,0.709,0.79,20150213,50ETF,510050,购
2015-02-13,10000035,510050C1509M02400,50ETF购9月2400,0.583,-0.186,0.908,0.732,0.738,20150213,50ETF,510050,购
2015-02-13,10000047,510050C1509M02450,50ETF购9月2450,0.538,-0.187,0.912,0.745,0.686,20150213,50ETF,510050,购
2015-02-13,10000055,510050C1509M02500,50ETF购9月2500,0.495,-0.185,0.908,0.749,0.634,20150213,50ETF,510050,购
2015-02-13,10000006,510050P1503M02200,50ETF沽3月2200,-0.145,-0.197,1.107,0.182,-0.04,20150213,50ETF,510050,沽
2015-02-13,10000007,510050P1503M02250,50ETF沽3月2250,-0.206,-0.234,1.429,0.227,-0.057,20150213,50ETF,510050,沽
2015-02-13,10000008,510050P1503M02300,50ETF沽3月2300,-0.283,-0.264,1.755,0.27,-0.079,20150213,50ETF,510050,沽
2015-02-13,10000009,510050P1503M02350,50ETF沽3月2350,-0.378,-0.284,2.005,0.303,-0.106,20150213,50ETF,510050,沽
2015-02-13,10000010,510050P1503M02400,50ETF沽3月2400,-0.482,-0.282,2.147,0.318,-0.136,20150213,50ETF,510050,沽
2015-02-13,10000042,510050P1503M02450,50ETF沽3月2450,-0.583,-0.278,2.017,0.311,-0.166,20150213,50ETF,510050,沽
2015-02-13,10000050,510050P1503M02500,50ETF沽3月2500,-0.685,-0.223,1.915,0.283,-0.197,20150213,50ETF,510050,沽
2015-02-13,10000016,510050P1504M02200,50ETF沽4月2200,-0.184,-0.16,1.039,0.276,-0.088,20150213,50ETF,510050,沽
2015-02-13,10000017,510050P1504M02250,50ETF沽4月2250,-0.241,-0.182,1.241,0.324,-0.116,20150213,50ETF,510050,沽
2015-02-13,10000018,510050P1504M02300,50ETF沽4月2300,-0.311,-0.202,1.406,0.367,-0.151,20150213,50ETF,510050,沽
2015-02-13,10000019,510050P1504M02350,50ETF沽4月2350,-0.387,-0.215,1.511,0.398,-0.189,20150213,50ETF,510050,沽
2015-02-13,10000020,510050P1504M02400,50ETF沽4月2400,-0.465,-0.224,1.524,0.413,-0.229,20150213,50ETF,510050,沽
2015-02-13,10000044,510050P1504M02450,50ETF沽4月2450,-0.539,-0.219,1.499,0.412,-0.267,20150213,50ETF,510050,沽
2015-02-13,10000052,510050P1504M02500,50ETF沽4月2500,-0.614,-0.193,1.485,0.397,-0.307,20150213,50ETF,510050,沽
2015-02-13,10000026,510050P1506M02200,50ETF沽6月2200,-0.235,-0.127,0.849,0.443,-0.224,20150213,50ETF,510050,沽
2015-02-13,10000027,510050P1506M02250,50ETF沽6月2250,-0.284,-0.139,0.929,0.489,-0.272,20150213,50ETF,510050,沽
2015-02-13,10000028,510050P1506M02300,50ETF沽6月2300,-0.335,-0.147,0.991,0.525,-0.324,20150213,50ETF,510050,沽
2015-02-13,10000029,510050P1506M02350,50ETF沽6月2350,-0.387,-0.149,1.046,0.552,-0.377,20150213,50ETF,510050,沽
2015-02-13,10000030,510050P1506M02400,50ETF沽6月2400,-0.441,-0.15,1.073,0.569,-0.432,20150213,50ETF,510050,沽
2015-02-13,10000046,510050P1506M02450,50ETF沽6月2450,-0.494,-0.146,1.081,0.575,-0.488,20150213,50ETF,510050,沽
2015-02-13,10000054,510050P1506M02500,50ETF沽6月2500,-0.544,-0.143,1.054,0.572,-0.543,20150213,50ETF,510050,沽
2015-02-13,10000036,510050P1509M02200,50ETF沽9月2200,-0.266,-0.103,0.658,0.616,-0.448,20150213,50ETF,510050,沽
2015-02-13,10000037,510050P1509M02250,50ETF沽9月2250,-0.301,-0.104,0.708,0.654,-0.509,20150213,50ETF,510050,沽
2015-02-13,10000038,510050P1509M02300,50ETF沽9月2300,-0.338,-0.104,0.758,0.686,-0.572,20150213,50ETF,510050,沽
2015-02-13,10000039,510050P1509M02350,50ETF沽9月2350,-0.379,-0.109,0.765,0.714,-0.649,20150213,50ETF,510050,沽
2015-02-13,10000040,510050P1509M02400,50ETF沽9月2400,-0.418,-0.109,0.782,0.733,-0.722,20150213,50ETF,510050,沽
2015-02-13,10000048,510050P1509M02450,50ETF沽9月2450,-0.457,-0.106,0.797,0.744,-0.795,20150213,50ETF,510050,沽
2015-02-13,10000056,510050P1509M02500,50ETF沽9月2500,-0.493,-0.107,0.779,0.749,-0.869,20150213,50ETF,510050,沽
2015-02-16,10000001,510050C1503M02200,50ETF购3月2200,0.865,-0.289,1.084,0.167,0.19,20150216,50ETF,510050,购
2015-02-16,10000002,510050C1503M02250,50ETF购3月2250,0.816,-0.313,1.444,0.204,0.183,20150216,50ETF,510050,购
2015-02-16,10000003,510050C1503M02300,50ETF购3月2300,0.742,-0.34,1.869,0.248,0.169,20150216,50ETF,510050,购
2015-02-16,10000004,510050C1503M02350,50ETF购3月2350,0.645,-0.354,2.299,0.286,0.149,20150216,50ETF,510050,购
2015-02-16,10000005,510050C1503M02400,50ETF购3月2400,0.524,-0.366,2.436,0.306,0.122,20150216,50ETF,510050,购
2015-02-16,10000041,510050C1503M02450,50ETF购3月2450,0.405,-0.348,2.36,0.297,0.095,20150216,50ETF,510050,购
2015-02-16,10000049,510050C1503M02500,50ETF购3月2500,0.3,-0.312,2.079,0.267,0.071,20150216,50ETF,510050,购
2015-02-16,10000011,510050C1504M02200,50ETF购4月2200,0.842,-0.229,1.045,0.246,0.322,20150216,50ETF,510050,购
2015-02-16,10000012,510050C1504M02250,50ETF购4月2250,0.79,-0.246,1.317,0.293,0.308,20150216,50ETF,510050,购
2015-02-16,10000013,510050C1504M02300,50ETF购4月2300,0.715,-0.271,1.554,0.346,0.281,20150216,50ETF,510050,购
2015-02-16,10000014,510050C1504M02350,50ETF购4月2350,0.627,-0.293,1.683,0.385,0.249,20150216,50ETF,510050,购
2015-02-16,10000015,510050C1504M02400,50ETF购4月2400,0.54,-0.3,1.742,0.404,0.216,20150216,50ETF,510050,购
2015-02-16,10000043,510050C1504M02450,50ETF购4月2450,0.454,-0.293,1.731,0.403,0.183,20150216,50ETF,510050,购
2015-02-16,10000051,510050C1504M02500,50ETF购4月2500,0.375,-0.28,1.628,0.386,0.152,20150216,50ETF,510050,购
2015-02-16,10000021,510050C1506M02200,50ETF购6月2200,0.804,-0.186,0.923,0.395,0.592,20150216,50ETF,510050,购
2015-02-16,10000022,510050C1506M02250,50ETF购6月2250,0.748,-0.202,1.049,0.455,0.556,20150216,50ETF,510050,购
2015-02-16,10000023,510050C1506M02300,50ETF购6月2300,0.688,-0.214,1.147,0.505,0.517,20150216,50ETF,510050,购
2015-02-16,10000024,510050C1506M02350,50ETF购6月2350,0.627,-0.221,1.222,0.541,0.475,20150216,50ETF,510050,购
2015-02-16,10000025,510050C1506M02400,50ETF购6月2400,0.563,-0.224,1.254,0.562,0.43,20150216,50ETF,510050,购
2015-02-16,10000045,510050C1506M02450,50ETF购6月2450,0.501,-0.222,1.265,0.569,0.385,20150216,50ETF,510050,购
2015-02-16,10000053,510050C1506M02500,50ETF购6月2500,0.443,-0.219,1.224,0.564,0.342,20150216,50ETF,510050,购
2015-02-16,10000031,510050C1509M02200,50ETF购9月2200,0.765,-0.168,0.744,0.573,0.926,20150216,50ETF,510050,购
2015-02-16,10000032,510050C1509M02250,50ETF购9月2250,0.723,-0.175,0.808,0.625,0.884,20150216,50ETF,510050,购
2015-02-16,10000033,510050C1509M02300,50ETF购9月2300,0.68,-0.178,0.871,0.668,0.841,20150216,50ETF,510050,购
2015-02-16,10000034,510050C1509M02350,50ETF购9月2350,0.634,-0.182,0.912,0.703,0.79,20150216,50ETF,510050,购
2015-02-16,10000035,510050C1509M02400,50ETF购9月2400,0.586,-0.186,0.919,0.727,0.735,20150216,50ETF,510050,购
2015-02-16,10000047,510050C1509M02450,50ETF购9月2450,0.54,-0.185,0.936,0.741,0.683,20150216,50ETF,510050,购
2015-02-16,10000055,510050C1509M02500,50ETF购9月2500,0.496,-0.185,0.925,0.745,0.63,20150216,50ETF,510050,购
2015-02-16,10000006,510050P1503M02200,50ETF沽3月2200,-0.134,-0.196,1.083,0.166,-0.034,20150216,50ETF,510050,沽
2015-02-16,10000007,510050P1503M02250,50ETF沽3月2250,-0.191,-0.232,1.431,0.209,-0.049,20150216,50ETF,510050,沽
2015-02-16,10000008,510050P1503M02300,50ETF沽3月2300,-0.267,-0.263,1.808,0.252,-0.069,20150216,50ETF,510050,沽
2015-02-16,10000009,510050P1503M02350,50ETF沽3月2350,-0.364,-0.284,2.128,0.288,-0.094,20150216,50ETF,510050,沽
2015-02-16,10000010,510050P1503M02400,50ETF沽3月2400,-0.476,-0.296,2.227,0.306,-0.124,20150216,50ETF,510050,沽
2015-02-16,10000042,510050P1503M02450,50ETF沽3月2450,-0.584,-0.28,2.163,0.299,-0.154,20150216,50ETF,510050,沽
2015-02-16,10000050,510050P1503M02500,50ETF沽3月2500,-0.69,-0.227,2.008,0.271,-0.183,20150216,50ETF,510050,沽
2015-02-16,10000016,510050P1504M02200,50ETF沽4月2200,-0.167,-0.15,1.039,0.255,-0.076,20150216,50ETF,510050,沽
2015-02-16,10000017,510050P1504M02250,50ETF沽4月2250,-0.227,-0.175,1.266,0.306,-0.104,20150216,50ETF,510050,沽
2015-02-16,10000018,510050P1504M02300,50ETF沽4月2300,-0.3,-0.199,1.448,0.354,-0.138,20150216,50ETF,510050,沽
2015-02-16,10000019,510050P1504M02350,50ETF沽4月2350,-0.381,-0.221,1.535,0.388,-0.177,20150216,50ETF,510050,沽
2015-02-16,10000020,510050P1504M02400,50ETF沽4月2400,-0.46,-0.227,1.573,0.404,-0.216,20150216,50ETF,510050,沽
2015-02-16,10000044,510050P1504M02450,50ETF沽4月2450,-0.538,-0.22,1.568,0.404,-0.254,20150216,50ETF,510050,沽
2015-02-16,10000052,510050P1504M02500,50ETF沽4月2500,-0.617,-0.191,1.556,0.388,-0.294,20150216,50ETF,510050,沽
2015-02-16,10000026,510050P1506M02200,50ETF沽6月2200,-0.226,-0.124,0.857,0.43,-0.21,20150216,50ETF,510050,沽
2015-02-16,10000027,510050P1506M02250,50ETF沽6月2250,-0.276,-0.136,0.945,0.477,-0.258,20150216,50ETF,510050,沽
2015-02-16,10000028,510050P1506M02300,50ETF沽6月2300,-0.328,-0.143,1.024,0.515,-0.308,20150216,50ETF,510050,沽
2015-02-16,10000029,510050P1506M02350,50ETF沽6月2350,-0.382,-0.147,1.082,0.544,-0.362,20150216,50ETF,510050,沽
2015-02-16,10000030,510050P1506M02400,50ETF沽6月2400,-0.437,-0.147,1.113,0.562,-0.417,20150216,50ETF,510050,沽
2015-02-16,10000046,510050P1506M02450,50ETF沽6月2450,-0.492,-0.145,1.118,0.569,-0.474,20150216,50ETF,510050,沽
2015-02-16,10000054,510050P1506M02500,50ETF沽6月2500,-0.544,-0.141,1.089,0.566,-0.529,20150216,50ETF,510050,沽
2015-02-16,10000036,510050P1509M02200,50ETF沽9月2200,-0.258,-0.098,0.674,0.604,-0.427,20150216,50ETF,510050,沽
2015-02-16,10000037,510050P1509M02250,50ETF沽9月2250,-0.296,-0.103,0.72,0.645,-0.492,20150216,50ETF,510050,沽
2015-02-16,10000038,510050P1509M02300,50ETF沽9月2300,-0.334,-0.104,0.764,0.68,-0.558,20150216,50ETF,510050,沽
2015-02-16,10000039,510050P1509M02350,50ETF沽9月2350,-0.375,-0.107,0.787,0.708,-0.632,20150216,50ETF,510050,沽
2015-02-16,10000040,510050P1509M02400,50ETF沽9月2400,-0.415,-0.105,0.812,0.728,-0.704,20150216,50ETF,510050,沽
2015-02-16,10000048,510050P1509M02450,50ETF沽9月2450,-0.456,-0.103,0.826,0.74,-0.778,20150216,50ETF,510050,沽
2015-02-16,10000056,510050P1509M02500,50ETF沽9月2500,-0.494,-0.103,0.809,0.745,-0.853,20150216,50ETF,510050,沽
2015-02-17,10000001,510050C1503M02200,50ETF购3月2200,0.906,-0.233,0.93,0.128,0.196,20150217,50ETF,510050,购
2015-02-17,10000002,510050C1503M02250,50ETF购3月2250,0.857,-0.273,1.318,0.172,0.188,20150217,50ETF,510050,购
2015-02-17,10000003,510050C1503M02300,50ETF购3月2300,0.783,-0.316,1.776,0.224,0.175,20150217,50ETF,510050,购
2015-02-17,10000004,510050C1503M02350,50ETF购3月2350,0.676,-0.371,2.105,0.274,0.152,20150217,50ETF,510050,购
2015-02-17,10000005,510050C1503M02400,50ETF购3月2400,0.564,-0.382,2.359,0.3,0.128,20150217,50ETF,510050,购
2015-02-17,10000041,510050C1503M02450,50ETF购3月2450,0.444,-0.368,2.399,0.301,0.102,20150217,50ETF,510050,购
2015-02-17,10000049,510050C1503M02500,50ETF购3月2500,0.333,-0.334,2.188,0.277,0.077,20150217,50ETF,510050,购
2015-02-17,10000011,510050C1504M02200,50ETF购4月2200,0.861,-0.219,0.962,0.225,0.326,20150217,50ETF,510050,购
2015-02-17,10000012,510050C1504M02250,50ETF购4月2250,0.815,-0.236,1.232,0.271,0.314,20150217,50ETF,510050,购
2015-02-17,10000013,510050C1504M02300,50ETF购4月2300,0.744,-0.263,1.494,0.327,0.29,20150217,50ETF,510050,购
2015-02-17,10000014,510050C1504M02350,50ETF购4月2350,0.658,-0.289,1.665,0.373,0.259,20150217,50ETF,510050,购
2015-02-17,10000015,510050C1504M02400,50ETF购4月2400,0.57,-0.299,1.764,0.399,0.226,20150217,50ETF,510050,购
2015-02-17,10000043,510050C1504M02450,50ETF购4月2450,0.482,-0.3,1.75,0.405,0.192,20150217,50ETF,510050,购
2015-02-17,10000051,510050C1504M02500,50ETF购4月2500,0.398,-0.285,1.695,0.392,0.16,20150217,50ETF,510050,购
2015-02-17,10000021,510050C1506M02200,50ETF购6月2200,0.809,-0.192,0.859,0.389,0.59,20150217,50ETF,510050,购
2015-02-17,10000022,510050C1506M02250,50ETF购6月2250,0.78,-0.188,1.045,0.424,0.582,20150217,50ETF,510050,购
2015-02-17,10000023,510050C1506M02300,50ETF购6月2300,0.712,-0.209,1.135,0.489,0.534,20150217,50ETF,510050,购
2015-02-17,10000024,510050C1506M02350,50ETF购6月2350,0.649,-0.218,1.221,0.531,0.491,20150217,50ETF,510050,购
2015-02-17,10000025,510050C1506M02400,50ETF购6月2400,0.585,-0.224,1.26,0.558,0.446,20150217,50ETF,510050,购
2015-02-17,10000045,510050C1506M02450,50ETF购6月2450,0.522,-0.225,1.264,0.57,0.4,20150217,50ETF,510050,购
2015-02-17,10000053,510050C1506M02500,50ETF购6月2500,0.462,-0.223,1.238,0.569,0.356,20150217,50ETF,510050,购
2015-02-17,10000031,510050C1509M02200,50ETF购9月2200,0.772,-0.171,0.704,0.567,0.928,20150217,50ETF,510050,购
2015-02-17,10000032,510050C1509M02250,50ETF购9月2250,0.737,-0.174,0.787,0.612,0.901,20150217,50ETF,510050,购
2015-02-17,10000033,510050C1509M02300,50ETF购9月2300,0.693,-0.18,0.843,0.659,0.856,20150217,50ETF,510050,购
2015-02-17,10000034,510050C1509M02350,50ETF购9月2350,0.648,-0.184,0.887,0.696,0.807,20150217,50ETF,510050,购
2015-02-17,10000035,510050C1509M02400,50ETF购9月2400,0.602,-0.187,0.914,0.724,0.755,20150217,50ETF,510050,购
2015-02-17,10000047,510050C1509M02450,50ETF购9月2450,0.556,-0.188,0.923,0.741,0.702,20150217,50ETF,510050,购
2015-02-17,10000055,510050C1509M02500,50ETF购9月2500,0.511,-0.187,0.924,0.748,0.65,20150217,50ETF,510050,购
2015-02-17,10000006,510050P1503M02200,50ETF沽3月2200,-0.122,-0.196,0.984,0.154,-0.031,20150217,50ETF,510050,沽
2015-02-17,10000007,510050P1503M02250,50ETF沽3月2250,-0.176,-0.239,1.302,0.198,-0.044,20150217,50ETF,510050,沽
2015-02-17,10000008,510050P1503M02300,50ETF沽3月2300,-0.247,-0.277,1.644,0.241,-0.063,20150217,50ETF,510050,沽
2015-02-17,10000009,510050P1503M02350,50ETF沽3月2350,-0.336,-0.305,1.953,0.278,-0.085,20150217,50ETF,510050,沽
2015-02-17,10000010,510050P1503M02400,50ETF沽3月2400,-0.44,-0.323,2.103,0.301,-0.112,20150217,50ETF,510050,沽
2015-02-17,10000042,510050P1503M02450,50ETF沽3月2450,-0.547,-0.304,2.165,0.302,-0.141,20150217,50ETF,510050,沽
2015-02-17,10000050,510050P1503M02500,50ETF沽3月2500,-0.648,-0.274,2.004,0.283,-0.168,20150217,50ETF,510050,沽
2015-02-17,10000016,510050P1504M02200,50ETF沽4月2200,-0.161,-0.158,0.959,0.249,-0.073,20150217,50ETF,510050,沽
2015-02-17,10000017,510050P1504M02250,50ETF沽4月2250,-0.214,-0.181,1.17,0.296,-0.097,20150217,50ETF,510050,沽
2015-02-17,10000018,510050P1504M02300,50ETF沽4月2300,-0.28,-0.204,1.362,0.342,-0.128,20150217,50ETF,510050,沽
2015-02-17,10000019,510050P1504M02350,50ETF沽4月2350,-0.355,-0.222,1.495,0.379,-0.163,20150217,50ETF,510050,沽
2015-02-17,10000020,510050P1504M02400,50ETF沽4月2400,-0.434,-0.232,1.561,0.4,-0.201,20150217,50ETF,510050,沽
2015-02-17,10000044,510050P1504M02450,50ETF沽4月2450,-0.511,-0.23,1.563,0.405,-0.239,20150217,50ETF,510050,沽
2015-02-17,10000052,510050P1504M02500,50ETF沽4月2500,-0.585,-0.219,1.504,0.396,-0.276,20150217,50ETF,510050,沽
2015-02-17,10000026,510050P1506M02200,50ETF沽6月2200,-0.212,-0.122,0.82,0.416,-0.197,20150217,50ETF,510050,沽
2015-02-17,10000027,510050P1506M02250,50ETF沽6月2250,-0.259,-0.133,0.919,0.463,-0.241,20150217,50ETF,510050,沽
2015-02-17,10000028,510050P1506M02300,50ETF沽6月2300,-0.309,-0.14,1.008,0.504,-0.289,20150217,50ETF,510050,沽
2015-02-17,10000029,510050P1506M02350,50ETF沽6月2350,-0.363,-0.147,1.065,0.537,-0.343,20150217,50ETF,510050,沽
2015-02-17,10000030,510050P1506M02400,50ETF沽6月2400,-0.419,-0.148,1.109,0.559,-0.398,20150217,50ETF,510050,沽
2015-02-17,10000046,510050P1506M02450,50ETF沽6月2450,-0.473,-0.151,1.094,0.57,-0.454,20150217,50ETF,510050,沽
2015-02-17,10000054,510050P1506M02500,50ETF沽6月2500,-0.526,-0.146,1.09,0.57,-0.509,20150217,50ETF,510050,沽
2015-02-17,10000036,510050P1509M02200,50ETF沽9月2200,-0.248,-0.099,0.651,0.594,-0.41,20150217,50ETF,510050,沽
2015-02-17,10000037,510050P1509M02250,50ETF沽9月2250,-0.284,-0.103,0.7,0.636,-0.473,20150217,50ETF,510050,沽
2015-02-17,10000038,510050P1509M02300,50ETF沽9月2300,-0.321,-0.104,0.749,0.672,-0.537,20150217,50ETF,510050,沽
2015-02-17,10000039,510050P1509M02350,50ETF沽9月2350,-0.362,-0.109,0.768,0.703,-0.611,20150217,50ETF,510050,沽
2015-02-17,10000040,510050P1509M02400,50ETF沽9月2400,-0.401,-0.104,0.818,0.725,-0.678,20150217,50ETF,510050,沽
2015-02-17,10000048,510050P1509M02450,50ETF沽9月2450,-0.441,-0.108,0.803,0.74,-0.756,20150217,50ETF,510050,沽
2015-02-17,10000056,510050P1509M02500,50ETF沽9月2500,-0.481,-0.105,0.808,0.748,-0.829,20150217,50ETF,510050,沽
2015-02-25,10000001,510050C1503M02200,50ETF购3月2200,0.873,-0.301,1.25,0.138,0.146,20150225,50ETF,510050,购
2015-02-25,10000002,510050C1503M02250,50ETF购3月2250,0.795,-0.376,1.713,0.188,0.135,20150225,50ETF,510050,购
2015-02-25,10000003,510050C1503M02300,50ETF购3月2300,0.703,-0.415,2.199,0.229,0.121,20150225,50ETF,510050,购
2015-02-25,10000004,510050C1503M02350,50ETF购3月2350,0.584,-0.444,2.512,0.258,0.102,20150225,50ETF,510050,购
2015-02-25,10000005,510050C1503M02400,50ETF购3月2400,0.457,-0.444,2.521,0.262,0.08,20150225,50ETF,510050,购
2015-02-25,10000041,510050C1503M02450,50ETF购3月2450,0.337,-0.4,2.332,0.241,0.06,20150225,50ETF,510050,购
2015-02-25,10000049,510050C1503M02500,50ETF购3月2500,0.236,-0.335,1.95,0.204,0.042,20150225,50ETF,510050,购
2015-02-25,10000011,510050C1504M02200,50ETF购4月2200,0.805,-0.28,1.165,0.257,0.264,20150225,50ETF,510050,购
2015-02-25,10000012,510050C1504M02250,50ETF购4月2250,0.744,-0.302,1.411,0.301,0.248,20150225,50ETF,510050,购
2015-02-25,10000013,510050C1504M02300,50ETF购4月2300,0.668,-0.32,1.631,0.339,0.225,20150225,50ETF,510050,购
2015-02-25,10000014,510050C1504M02350,50ETF购4月2350,0.582,-0.329,1.777,0.365,0.198,20150225,50ETF,510050,购
2015-02-25,10000015,510050C1504M02400,50ETF购4月2400,0.492,-0.327,1.816,0.373,0.169,20150225,50ETF,510050,购
2015-02-25,10000043,510050C1504M02450,50ETF购4月2450,0.404,-0.31,1.771,0.362,0.14,20150225,50ETF,510050,购
2015-02-25,10000051,510050C1504M02500,50ETF购4月2500,0.325,-0.286,1.624,0.336,0.113,20150225,50ETF,510050,购
2015-02-25,10000021,510050C1506M02200,50ETF购6月2200,0.773,-0.205,0.987,0.41,0.525,20150225,50ETF,510050,购
2015-02-25,10000022,510050C1506M02250,50ETF购6月2250,0.717,-0.218,1.108,0.461,0.493,20150225,50ETF,510050,购
2015-02-25,10000023,510050C1506M02300,50ETF购6月2300,0.657,-0.228,1.2,0.501,0.456,20150225,50ETF,510050,购
2015-02-25,10000024,510050C1506M02350,50ETF购6月2350,0.593,-0.234,1.254,0.529,0.415,20150225,50ETF,510050,购
2015-02-25,10000025,510050C1506M02400,50ETF购6月2400,0.53,-0.235,1.275,0.542,0.374,20150225,50ETF,510050,购
2015-02-25,10000045,510050C1506M02450,50ETF购6月2450,0.468,-0.231,1.263,0.542,0.332,20150225,50ETF,510050,购
2015-02-25,10000053,510050C1506M02500,50ETF购6月2500,0.41,-0.224,1.219,0.53,0.292,20150225,50ETF,510050,购
2015-02-25,10000031,510050C1509M02200,50ETF购9月2200,0.744,-0.175,0.783,0.582,0.859,20150225,50ETF,510050,购
2015-02-25,10000032,510050C1509M02250,50ETF购9月2250,0.702,-0.18,0.851,0.628,0.82,20150225,50ETF,510050,购
2015-02-25,10000033,510050C1509M02300,50ETF购9月2300,0.656,-0.184,0.9,0.666,0.773,20150225,50ETF,510050,购
2015-02-25,10000034,510050C1509M02350,50ETF购9月2350,0.609,-0.185,0.947,0.695,0.726,20150225,50ETF,510050,购
2015-02-25,10000035,510050C1509M02400,50ETF购9月2400,0.561,-0.188,0.955,0.714,0.673,20150225,50ETF,510050,购
2015-02-25,10000047,510050C1509M02450,50ETF购9月2450,0.515,-0.187,0.958,0.722,0.621,20150225,50ETF,510050,购
2015-02-25,10000055,510050C1509M02500,50ETF购9月2500,0.472,-0.187,0.932,0.72,0.57,20150225,50ETF,510050,购
2015-02-25,10000006,510050P1503M02200,50ETF沽3月2200,-0.15,-0.261,1.263,0.154,-0.029,20150225,50ETF,510050,沽
2015-02-25,10000007,510050P1503M02250,50ETF沽3月2250,-0.22,-0.317,1.661,0.196,-0.042,20150225,50ETF,510050,沽
2015-02-25,10000008,510050P1503M02300,50ETF沽3月2300,-0.312,-0.361,2.042,0.234,-0.06,20150225,50ETF,510050,沽
2015-02-25,10000009,510050P1503M02350,50ETF沽3月2350,-0.421,-0.381,2.311,0.258,-0.082,20150225,50ETF,510050,沽
2015-02-25,10000010,510050P1503M02400,50ETF沽3月2400,-0.537,-0.381,2.32,0.263,-0.105,20150225,50ETF,510050,沽
2015-02-25,10000042,510050P1503M02450,50ETF沽3月2450,-0.645,-0.348,2.142,0.246,-0.128,20150225,50ETF,510050,沽
2015-02-25,10000050,510050P1503M02500,50ETF沽3月2500,-0.739,-0.286,1.854,0.215,-0.148,20150225,50ETF,510050,沽
2015-02-25,10000016,510050P1504M02200,50ETF沽4月2200,-0.201,-0.199,1.151,0.263,-0.079,20150225,50ETF,510050,沽
2015-02-25,10000017,510050P1504M02250,50ETF沽4月2250,-0.265,-0.225,1.364,0.306,-0.104,20150225,50ETF,510050,沽
2015-02-25,10000018,510050P1504M02300,50ETF沽4月2300,-0.339,-0.243,1.542,0.342,-0.134,20150225,50ETF,510050,沽
2015-02-25,10000019,510050P1504M02350,50ETF沽4月2350,-0.42,-0.25,1.666,0.365,-0.167,20150225,50ETF,510050,沽
2015-02-25,10000020,510050P1504M02400,50ETF沽4月2400,-0.505,-0.247,1.7,0.373,-0.202,20150225,50ETF,510050,沽
2015-02-25,10000044,510050P1504M02450,50ETF沽4月2450,-0.587,-0.231,1.654,0.364,-0.237,20150225,50ETF,510050,沽
2015-02-25,10000052,510050P1504M02500,50ETF沽4月2500,-0.659,-0.212,1.521,0.343,-0.269,20150225,50ETF,510050,沽
2015-02-25,10000026,510050P1506M02200,50ETF沽6月2200,-0.25,-0.14,0.914,0.433,-0.214,20150225,50ETF,510050,沽
2015-02-25,10000027,510050P1506M02250,50ETF沽6月2250,-0.301,-0.15,1.002,0.474,-0.259,20150225,50ETF,510050,沽
2015-02-25,10000028,510050P1506M02300,50ETF沽6月2300,-0.355,-0.156,1.075,0.507,-0.308,20150225,50ETF,510050,沽
2015-02-25,10000029,510050P1506M02350,50ETF沽6月2350,-0.411,-0.159,1.119,0.53,-0.359,20150225,50ETF,510050,沽
2015-02-25,10000030,510050P1506M02400,50ETF沽6月2400,-0.467,-0.158,1.14,0.542,-0.412,20150225,50ETF,510050,沽
2015-02-25,10000046,510050P1506M02450,50ETF沽6月2450,-0.523,-0.153,1.133,0.543,-0.464,20150225,50ETF,510050,沽
2015-02-25,10000054,510050P1506M02500,50ETF沽6月2500,-0.576,-0.144,1.11,0.534,-0.516,20150225,50ETF,510050,沽
2015-02-25,10000036,510050P1509M02200,50ETF沽9月2200,-0.276,-0.105,0.705,0.605,-0.435,20150225,50ETF,510050,沽
2015-02-25,10000037,510050P1509M02250,50ETF沽9月2250,-0.314,-0.108,0.754,0.642,-0.497,20150225,50ETF,510050,沽
2015-02-25,10000038,510050P1509M02300,50ETF沽9月2300,-0.353,-0.106,0.808,0.673,-0.56,20150225,50ETF,510050,沽
2015-02-25,10000039,510050P1509M02350,50ETF沽9月2350,-0.396,-0.11,0.819,0.697,-0.634,20150225,50ETF,510050,沽
2015-02-25,10000040,510050P1509M02400,50ETF沽9月2400,-0.437,-0.108,0.84,0.713,-0.705,20150225,50ETF,510050,沽
2015-02-25,10000048,510050P1509M02450,50ETF沽9月2450,-0.478,-0.105,0.846,0.721,-0.777,20150225,50ETF,510050,沽
2015-02-25,10000056,510050P1509M02500,50ETF沽9月2500,-0.517,-0.104,0.828,0.722,-0.849,20150225,50ETF,510050,沽
2015-02-26,10000001,510050C1503M02200,50ETF购3月2200,1.0,-0.092,0.0,0.0,0.164,20150226,50ETF,510050,购
2015-02-26,10000002,510050C1503M02250,50ETF购3月2250,0.933,-0.213,0.879,0.087,0.156,20150226,50ETF,510050,购
2015-02-26,10000003,510050C1503M02300,50ETF购3月2300,0.903,-0.231,1.344,0.115,0.154,20150226,50ETF,510050,购
2015-02-26,10000004,510050C1503M02350,50ETF购3月2350,0.78,-0.366,2.003,0.198,0.134,20150226,50ETF,510050,购
2015-02-26,10000005,510050C1503M02400,50ETF购3月2400,0.663,-0.427,2.451,0.245,0.115,20150226,50ETF,510050,购
2015-02-26,10000041,510050C1503M02450,50ETF购3月2450,0.532,-0.464,2.554,0.267,0.093,20150226,50ETF,510050,购
2015-02-26,10000049,510050C1503M02500,50ETF购3月2500,0.407,-0.444,2.482,0.26,0.071,20150226,50ETF,510050,购
2015-02-26,10000011,510050C1504M02200,50ETF购4月2200,0.931,-0.168,0.686,0.127,0.307,20150226,50ETF,510050,购
2015-02-26,10000012,510050C1504M02250,50ETF购4月2250,0.87,-0.223,1.023,0.203,0.291,20150226,50ETF,510050,购
2015-02-26,10000013,510050C1504M02300,50ETF购4月2300,0.8,-0.27,1.311,0.268,0.27,20150226,50ETF,510050,购
2015-02-26,10000014,510050C1504M02350,50ETF购4月2350,0.718,-0.311,1.527,0.323,0.245,20150226,50ETF,510050,购
2015-02-26,10000015,510050C1504M02400,50ETF购4月2400,0.633,-0.336,1.68,0.36,0.218,20150226,50ETF,510050,购
2015-02-26,10000043,510050C1504M02450,50ETF购4月2450,0.546,-0.351,1.717,0.38,0.189,20150226,50ETF,510050,购
2015-02-26,10000051,510050C1504M02500,50ETF购4月2500,0.458,-0.336,1.763,0.38,0.16,20150226,50ETF,510050,购
2015-02-26,10000021,510050C1506M02200,50ETF购6月2200,0.859,-0.175,0.765,0.314,0.59,20150226,50ETF,510050,购
2015-02-26,10000022,510050C1506M02250,50ETF购6月2250,0.808,-0.196,0.913,0.383,0.563,20150226,50ETF,510050,购
2015-02-26,10000023,510050C1506M02300,50ETF购6月2300,0.751,-0.215,1.037,0.445,0.528,20150226,50ETF,510050,购
2015-02-26,10000024,510050C1506M02350,50ETF购6月2350,0.692,-0.228,1.139,0.493,0.491,20150226,50ETF,510050,购
2015-02-26,10000025,510050C1506M02400,50ETF购6月2400,0.634,-0.23,1.254,0.528,0.455,20150226,50ETF,510050,购
2015-02-26,10000045,510050C1506M02450,50ETF购6月2450,0.568,-0.241,1.251,0.551,0.41,20150226,50ETF,510050,购
2015-02-26,10000053,510050C1506M02500,50ETF购6月2500,0.506,-0.24,1.258,0.56,0.367,20150226,50ETF,510050,购
2015-02-26,10000031,510050C1509M02200,50ETF购9月2200,0.814,-0.16,0.673,0.5,0.957,20150226,50ETF,510050,购
2015-02-26,10000032,510050C1509M02250,50ETF购9月2250,0.771,-0.172,0.745,0.566,0.915,20150226,50ETF,510050,购
2015-02-26,10000033,510050C1509M02300,50ETF购9月2300,0.73,-0.178,0.817,0.618,0.876,20150226,50ETF,510050,购
2015-02-26,10000034,510050C1509M02350,50ETF购9月2350,0.683,-0.186,0.864,0.665,0.826,20150226,50ETF,510050,购
2015-02-26,10000035,510050C1509M02400,50ETF购9月2400,0.636,-0.191,0.898,0.701,0.776,20150226,50ETF,510050,购
2015-02-26,10000047,510050C1509M02450,50ETF购9月2450,0.59,-0.193,0.926,0.726,0.725,20150226,50ETF,510050,购
2015-02-26,10000055,510050C1509M02500,50ETF购9月2500,0.544,-0.193,0.936,0.74,0.673,20150226,50ETF,510050,购
2015-02-26,10000006,510050P1503M02200,50ETF沽3月2200,-0.067,-0.154,0.699,0.087,-0.013,20150226,50ETF,510050,沽
2015-02-26,10000007,510050P1503M02250,50ETF沽3月2250,-0.116,-0.232,1.045,0.131,-0.022,20150226,50ETF,510050,沽
2015-02-26,10000008,510050P1503M02300,50ETF沽3月2300,-0.178,-0.301,1.42,0.175,-0.034,20150226,50ETF,510050,沽
2015-02-26,10000009,510050P1503M02350,50ETF沽3月2350,-0.265,-0.377,1.762,0.22,-0.051,20150226,50ETF,510050,沽
2015-02-26,10000010,510050P1503M02400,50ETF沽3月2400,-0.362,-0.424,2.025,0.252,-0.07,20150226,50ETF,510050,沽
2015-02-26,10000042,510050P1503M02450,50ETF沽3月2450,-0.468,-0.421,2.237,0.267,-0.091,20150226,50ETF,510050,沽
2015-02-26,10000050,510050P1503M02500,50ETF沽3月2500,-0.575,-0.417,2.131,0.263,-0.113,20150226,50ETF,510050,沽
2015-02-26,10000016,510050P1504M02200,50ETF沽4月2200,-0.136,-0.177,0.816,0.209,-0.054,20150226,50ETF,510050,沽
2015-02-26,10000017,510050P1504M02250,50ETF沽4月2250,-0.184,-0.211,1.003,0.255,-0.073,20150226,50ETF,510050,沽
2015-02-26,10000018,510050P1504M02300,50ETF沽4月2300,-0.242,-0.244,1.182,0.299,-0.097,20150226,50ETF,510050,沽
2015-02-26,10000019,510050P1504M02350,50ETF沽4月2350,-0.308,-0.269,1.336,0.337,-0.124,20150226,50ETF,510050,沽
2015-02-26,10000020,510050P1504M02400,50ETF沽4月2400,-0.38,-0.287,1.441,0.365,-0.154,20150226,50ETF,510050,沽
2015-02-26,10000044,510050P1504M02450,50ETF沽4月2450,-0.455,-0.294,1.494,0.38,-0.185,20150226,50ETF,510050,沽
2015-02-26,10000052,510050P1504M02500,50ETF沽4月2500,-0.528,-0.292,1.474,0.381,-0.217,20150226,50ETF,510050,沽
2015-02-26,10000026,510050P1506M02200,50ETF沽6月2200,-0.194,-0.136,0.727,0.385,-0.17,20150226,50ETF,510050,沽
2015-02-26,10000027,510050P1506M02250,50ETF沽6月2250,-0.237,-0.153,0.813,0.433,-0.209,20150226,50ETF,510050,沽
2015-02-26,10000028,510050P1506M02300,50ETF沽6月2300,-0.283,-0.164,0.891,0.475,-0.251,20150226,50ETF,510050,沽
2015-02-26,10000029,510050P1506M02350,50ETF沽6月2350,-0.332,-0.173,0.955,0.509,-0.296,20150226,50ETF,510050,沽
2015-02-26,10000030,510050P1506M02400,50ETF沽6月2400,-0.381,-0.173,1.025,0.535,-0.342,20150226,50ETF,510050,沽
2015-02-26,10000046,510050P1506M02450,50ETF沽6月2450,-0.434,-0.174,1.055,0.552,-0.392,20150226,50ETF,510050,沽
2015-02-26,10000054,510050P1506M02500,50ETF沽6月2500,-0.485,-0.178,1.034,0.559,-0.443,20150226,50ETF,510050,沽
2015-02-26,10000036,510050P1509M02200,50ETF沽9月2200,-0.229,-0.105,0.599,0.566,-0.369,20150226,50ETF,510050,沽
2015-02-26,10000037,510050P1509M02250,50ETF沽9月2250,-0.263,-0.112,0.645,0.61,-0.427,20150226,50ETF,510050,沽
2015-02-26,10000038,510050P1509M02300,50ETF沽9月2300,-0.299,-0.116,0.686,0.648,-0.488,20150226,50ETF,510050,沽
2015-02-26,10000039,510050P1509M02350,50ETF沽9月2350,-0.336,-0.119,0.724,0.681,-0.551,20150226,50ETF,510050,沽
2015-02-26,10000040,510050P1509M02400,50ETF沽9月2400,-0.374,-0.119,0.757,0.707,-0.616,20150226,50ETF,510050,沽
2015-02-26,10000048,510050P1509M02450,50ETF沽9月2450,-0.413,-0.118,0.778,0.727,-0.685,20150226,50ETF,510050,沽
2015-02-26,10000056,510050P1509M02500,50ETF沽9月2500,-0.451,-0.118,0.786,0.739,-0.755,20150226,50ETF,510050,沽
2015-02-27,10000001,510050C1503M02200,50ETF购3月2200,0.933,-0.243,0.736,0.085,0.146,20150227,50ETF,510050,购
2015-02-27,10000002,510050C1503M02250,50ETF购3月2250,0.864,-0.368,1.138,0.143,0.137,20150227,50ETF,510050,购
2015-02-27,10000003,510050C1503M02300,50ETF购3月2300,0.805,-0.421,1.518,0.181,0.13,20150227,50ETF,510050,购
2015-02-27,10000004,510050C1503M02350,50ETF购3月2350,0.73,-0.453,1.972,0.217,0.12,20150227,50ETF,510050,购
2015-02-27,10000005,510050C1503M02400,50ETF购3月2400,0.621,-0.5,2.278,0.249,0.103,20150227,50ETF,510050,购
2015-02-27,10000041,510050C1503M02450,50ETF购3月2450,0.502,-0.495,2.465,0.261,0.084,20150227,50ETF,510050,购
2015-02-27,10000049,510050C1503M02500,50ETF购3月2500,0.384,-0.47,2.332,0.25,0.065,20150227,50ETF,510050,购
2015-02-27,10000057,510050C1503M02550,50ETF购3月2550,0.279,-0.412,2.036,0.22,0.047,20150227,50ETF,510050,购
2015-02-27,10000011,510050C1504M02200,50ETF购4月2200,0.874,-0.245,0.854,0.196,0.279,20150227,50ETF,510050,购
2015-02-27,10000012,510050C1504M02250,50ETF购4月2250,0.824,-0.28,1.082,0.244,0.268,20150227,50ETF,510050,购
2015-02-27,10000013,510050C1504M02300,50ETF购4月2300,0.767,-0.306,1.324,0.289,0.253,20150227,50ETF,510050,购
2015-02-27,10000014,510050C1504M02350,50ETF购4月2350,0.69,-0.339,1.506,0.333,0.23,20150227,50ETF,510050,购
2015-02-27,10000015,510050C1504M02400,50ETF购4月2400,0.608,-0.362,1.615,0.363,0.204,20150227,50ETF,510050,购
2015-02-27,10000043,510050C1504M02450,50ETF购4月2450,0.525,-0.363,1.687,0.376,0.178,20150227,50ETF,510050,购
2015-02-27,10000051,510050C1504M02500,50ETF购4月2500,0.442,-0.352,1.672,0.373,0.151,20150227,50ETF,510050,购
2015-02-27,10000059,510050C1504M02550,50ETF购4月2550,0.363,-0.33,1.589,0.354,0.124,20150227,50ETF,510050,购
2015-02-27,10000021,510050C1506M02200,50ETF购6月2200,0.814,-0.212,0.777,0.372,0.546,20150227,50ETF,510050,购
2015-02-27,10000022,510050C1506M02250,50ETF购6月2250,0.784,-0.212,0.924,0.407,0.537,20150227,50ETF,510050,购
2015-02-27,10000023,510050C1506M02300,50ETF购6月2300,0.73,-0.227,1.034,0.459,0.505,20150227,50ETF,510050,购
2015-02-27,10000024,510050C1506M02350,50ETF购6月2350,0.672,-0.239,1.12,0.502,0.47,20150227,50ETF,510050,购
2015-02-27,10000025,510050C1506M02400,50ETF购6月2400,0.613,-0.246,1.182,0.532,0.432,20150227,50ETF,510050,购
2015-02-27,10000045,510050C1506M02450,50ETF购6月2450,0.552,-0.255,1.176,0.55,0.391,20150227,50ETF,510050,购
2015-02-27,10000053,510050C1506M02500,50ETF购6月2500,0.493,-0.249,1.201,0.554,0.352,20150227,50ETF,510050,购
2015-02-27,10000061,510050C1506M02550,50ETF购6月2550,0.435,-0.24,1.195,0.547,0.313,20150227,50ETF,510050,购
2015-02-27,10000031,510050C1509M02200,50ETF购9月2200,0.801,-0.165,0.688,0.517,0.932,20150227,50ETF,510050,购
2015-02-27,10000032,510050C1509M02250,50ETF购9月2250,0.758,-0.176,0.755,0.578,0.891,20150227,50ETF,510050,购
2015-02-27,10000033,510050C1509M02300,50ETF购9月2300,0.715,-0.184,0.815,0.629,0.848,20150227,50ETF,510050,购
2015-02-27,10000034,510050C1509M02350,50ETF购9月2350,0.671,-0.189,0.868,0.671,0.804,20150227,50ETF,510050,购
2015-02-27,10000035,510050C1509M02400,50ETF购9月2400,0.622,-0.198,0.869,0.704,0.748,20150227,50ETF,510050,购
2015-02-27,10000047,510050C1509M02450,50ETF购9月2450,0.578,-0.195,0.922,0.725,0.704,20150227,50ETF,510050,购
2015-02-27,10000055,510050C1509M02500,50ETF购9月2500,0.533,-0.194,0.929,0.737,0.653,20150227,50ETF,510050,购
2015-02-27,10000063,510050C1509M02550,50ETF购9月2550,0.488,-0.192,0.924,0.739,0.602,20150227,50ETF,510050,购
2015-02-27,10000006,510050P1503M02200,50ETF沽3月2200,-0.074,-0.169,0.765,0.092,-0.013,20150227,50ETF,510050,沽
2015-02-27,10000007,510050P1503M02250,50ETF沽3月2250,-0.121,-0.236,1.123,0.132,-0.022,20150227,50ETF,510050,沽
2015-02-27,10000008,510050P1503M02300,50ETF沽3月2300,-0.192,-0.319,1.523,0.179,-0.035,20150227,50ETF,510050,沽
2015-02-27,10000009,510050P1503M02350,50ETF沽3月2350,-0.28,-0.384,1.896,0.221,-0.052,20150227,50ETF,510050,沽
2015-02-27,10000010,510050P1503M02400,50ETF沽3月2400,-0.384,-0.423,2.175,0.25,-0.071,20150227,50ETF,510050,沽
2015-02-27,10000042,510050P1503M02450,50ETF沽3月2450,-0.496,-0.426,2.298,0.261,-0.093,20150227,50ETF,510050,沽
2015-02-27,10000050,510050P1503M02500,50ETF沽3月2500,-0.606,-0.403,2.183,0.252,-0.114,20150227,50ETF,510050,沽
2015-02-27,10000058,510050P1503M02550,50ETF沽3月2550,-0.712,-0.327,1.987,0.223,-0.135,20150227,50ETF,510050,沽
2015-02-27,10000016,510050P1504M02200,50ETF沽4月2200,-0.144,-0.184,0.861,0.214,-0.056,20150227,50ETF,510050,沽
2015-02-27,10000017,510050P1504M02250,50ETF沽4月2250,-0.195,-0.219,1.054,0.26,-0.076,20150227,50ETF,510050,沽
2015-02-27,10000018,510050P1504M02300,50ETF沽4月2300,-0.256,-0.251,1.234,0.304,-0.1,20150227,50ETF,510050,沽
2015-02-27,10000019,510050P1504M02350,50ETF沽4月2350,-0.324,-0.276,1.384,0.339,-0.127,20150227,50ETF,510050,沽
2015-02-27,10000020,510050P1504M02400,50ETF沽4月2400,-0.398,-0.29,1.485,0.364,-0.157,20150227,50ETF,510050,沽
2015-02-27,10000044,510050P1504M02450,50ETF沽4月2450,-0.474,-0.291,1.539,0.376,-0.188,20150227,50ETF,510050,沽
2015-02-27,10000052,510050P1504M02500,50ETF沽4月2500,-0.55,-0.28,1.53,0.374,-0.22,20150227,50ETF,510050,沽
2015-02-27,10000060,510050P1504M02550,50ETF沽4月2550,-0.62,-0.262,1.455,0.359,-0.251,20150227,50ETF,510050,沽
2015-02-27,10000026,510050P1506M02200,50ETF沽6月2200,-0.204,-0.142,0.749,0.394,-0.177,20150227,50ETF,510050,沽
2015-02-27,10000027,510050P1506M02250,50ETF沽6月2250,-0.246,-0.154,0.842,0.437,-0.214,20150227,50ETF,510050,沽
2015-02-27,10000028,510050P1506M02300,50ETF沽6月2300,-0.29,-0.161,0.933,0.476,-0.254,20150227,50ETF,510050,沽
2015-02-27,10000029,510050P1506M02350,50ETF沽6月2350,-0.341,-0.169,0.996,0.51,-0.3,20150227,50ETF,510050,沽
2015-02-27,10000030,510050P1506M02400,50ETF沽6月2400,-0.394,-0.174,1.041,0.535,-0.349,20150227,50ETF,510050,沽
2015-02-27,10000046,510050P1506M02450,50ETF沽6月2450,-0.447,-0.17,1.09,0.55,-0.398,20150227,50ETF,510050,沽
2015-02-27,10000054,510050P1506M02500,50ETF沽6月2500,-0.501,-0.166,1.096,0.554,-0.449,20150227,50ETF,510050,沽
2015-02-27,10000062,510050P1506M02550,50ETF沽6月2550,-0.552,-0.162,1.066,0.55,-0.5,20150227,50ETF,510050,沽
2015-02-27,10000036,510050P1509M02200,50ETF沽9月2200,-0.236,-0.106,0.615,0.57,-0.376,20150227,50ETF,510050,沽
2015-02-27,10000037,510050P1509M02250,50ETF沽9月2250,-0.27,-0.111,0.665,0.612,-0.432,20150227,50ETF,510050,沽
2015-02-27,10000038,510050P1509M02300,50ETF沽9月2300,-0.305,-0.113,0.713,0.649,-0.492,20150227,50ETF,510050,沽
2015-02-27,10000039,510050P1509M02350,50ETF沽9月2350,-0.344,-0.117,0.744,0.682,-0.558,20150227,50ETF,510050,沽
2015-02-27,10000040,510050P1509M02400,50ETF沽9月2400,-0.383,-0.117,0.777,0.707,-0.624,20150227,50ETF,510050,沽
2015-02-27,10000048,510050P1509M02450,50ETF沽9月2450,-0.422,-0.116,0.797,0.725,-0.694,20150227,50ETF,510050,沽
2015-02-27,10000056,510050P1509M02500,50ETF沽9月2500,-0.462,-0.115,0.803,0.736,-0.765,20150227,50ETF,510050,沽
2015-02-27,10000064,510050P1509M02550,50ETF沽9月2550,-0.499,-0.112,0.797,0.739,-0.835,20150227,50ETF,510050,沽
